0|\N|\N|\N|\N|\N|\N|\N|\N|\N|\N|\N|\N|\N|\N|\N|\N|\N|\N|\N|\N|1|\N|\N
1|172.25.124.232|1|186189|181182|Module|module 2|WS-SVC-MWAM-1 3 ports MWAM Module Rev. 3.0|181182_10.114.8.2|Module|cevCat6kMWAMBlade|Cisco Systems|SAD081000GR|WS-SVC-MWAM-1|Unknown|Unknown|ok|0|3|0|\N|1|1899-12-31|2199-12-31
2|172.25.124.232|1|186192|181182|Module|module 4|WS-X6148-RJ45V 48-port 10/100 mb RJ45 Rev. 3.0|181182_10.114.8.2|Module|cevCat6kWsx6148Rj45|Cisco Systems|SAL08207P78|WS-X6148-RJ45V|Unknown|Unknown|ok|0|48|0|\N|1|1899-12-31|2199-12-31
3|172.25.124.232|1|186194|181182|Module|sub-module of 4|WS-F6k-PWR Inline Power Module Rev. 2.0|181182_10.114.8.2|Module|cevCat6kWsf6kVpwr|Unknown|Unknown|Unknown|Unknown|Unknown|missing|0|0|0|\N|1|1899-12-31|2199-12-31
4|172.25.124.232|1|186196|181182|Module|module 5|WS-SUP720-3B 2 ports Supervisor Engine 720 Rev. 5.3|181182_10.114.8.2|Module|cevCat6kWsSup720Base|Cisco Systems|SAL1104F8H1|WS-SUP720-3B|V03|Unknown|ok|0|2|0|\N|1|1899-12-31|2199-12-31
5|172.25.124.232|1|186198|181182|Module|msfc sub-module of 5|WS-SUP720 MSFC3 Daughterboard Rev. 2.6|181182_10.114.8.2|Module|cevCat6kWsSup720|Cisco Systems|SAL1104F9KU|WS-SUP720|Unknown|Unknown|ok|0|0|0|\N|1|1899-12-31|2199-12-31
6|172.25.124.232|1|186199|181182|Module|CPU of Routing Processor 5|CPU of Routing Processor|181182_10.114.8.2|Module|cevCpuCat6kWsSup720RP|Unknown|Unknown|Unknown|Unknown|Unknown|Unknown|0|0|0|\N|1|1899-12-31|2199-12-31
7|172.25.124.232|1|186201|181182|Module|switching engine sub-module of 5|WS-F6K-PFC3B Policy Feature Card 3 Rev. 2.3|181182_10.114.8.2|Module|cevCat6kWsf6kpfc3b|Cisco Systems|SAL1104F9TX|WS-F6K-PFC3B|V01|Unknown|ok|0|0|0|\N|1|1899-12-31|2199-12-31
8|172.25.124.232|1|186202|181182|Module|CPU of Switching Processor 5|CPU of Switching Processor|181182_10.114.8.2|Module|cevCpuCat6kWsSup720SP|Unknown|Unknown|Unknown|Unknown|Unknown|Unknown|0|0|0|\N|1|1899-12-31|2199-12-31
9|172.25.124.232|1|186205|181182|Module|module 7|WS-SVC-AON-1-K9 3 ports AON Module Rev. 2.0|181182_10.114.8.2|Module|zeroDotZero|Cisco Systems|SAD10300548|WS-SVC-AON-1-K9|V02|Unknown|other|0|0|0|\N|1|1899-12-31|2199-12-31
10|172.25.124.232|1|186207|181182|Module|module 8|WS-SVC-FWM-1 6 ports Firewall Module Rev. 3.0|181182_10.114.8.2|Module|cevCat6kWsSvcFwm1|Cisco Systems|SAD08330EVK|WS-SVC-FWM-1|Unknown|Unknown|ok|0|6|0|\N|1|1899-12-31|2199-12-31
11|172.25.124.232|1|186211|181182|Module|WS-C6K-VTT 1|VTT FRU 1|181182_10.114.8.2|Module|cevCat6kWsc6kvtt|Cisco Systems|NWG072302XG|WS-C6K-VTT|Unknown|Unknown|Unknown|0|0|0|\N|1|1899-12-31|2199-12-31
12|172.25.124.232|1|186213|181182|Module|WS-C6K-VTT 2|VTT FRU 2|181182_10.114.8.2|Module|cevCat6kWsc6kvtt|Cisco Systems|NWG072302JW|WS-C6K-VTT|Unknown|Unknown|Unknown|0|0|0|\N|1|1899-12-31|2199-12-31
13|172.25.124.232|1|186215|181182|Module|WS-C6K-VTT 3|VTT FRU 3|181182_10.114.8.2|Module|cevCat6kWsc6kvtt|Cisco Systems|NWG072302YF|WS-C6K-VTT|Unknown|Unknown|Unknown|0|0|0|\N|1|1899-12-31|2199-12-31
14|172.25.124.232|1|186217|181182|Module|CLK-7600 1|OSR-7600 Clock FRU 1|181182_10.114.8.2|Module|cevClk7600|Cisco Systems|NWG0703054A|CLK-7600|Unknown|Unknown|Unknown|0|0|0|\N|1|1899-12-31|2199-12-31
15|172.25.124.232|1|186219|181182|Module|CLK-7600 2|OSR-7600 Clock FRU 2|181182_10.114.8.2|Module|cevClk7600|Cisco Systems|NWG0703054A|CLK-7600|Unknown|Unknown|Unknown|0|0|0|\N|1|1899-12-31|2199-12-31
16|172.25.124.232|2|186233|181183|Module|switching engine sub-module of 5|WS-F6K-PFC3B Policy Feature Card 3 Rev. 2.3|181183_10.114.8.3|Module|cevCat6kWsf6kpfc3b|Cisco Systems|SAL1104F9TX|WS-F6K-PFC3B|V01|Unknown|ok|0|0|0|\N|1|1899-12-31|2199-12-31
17|172.25.124.232|2|186235|181183|Module|WS-C6K-VTT 3|VTT FRU 3|181183_10.114.8.3|Module|cevCat6kWsc6kvtt|Cisco Systems|NWG072302YF|WS-C6K-VTT|Unknown|Unknown|Unknown|0|0|0|\N|1|1899-12-31|2199-12-31
18|172.25.124.232|2|186237|181183|Module|WS-C6K-VTT 2|VTT FRU 2|181183_10.114.8.3|Module|cevCat6kWsc6kvtt|Cisco Systems|NWG072302JW|WS-C6K-VTT|Unknown|Unknown|Unknown|0|0|0|\N|1|1899-12-31|2199-12-31
19|172.25.124.232|2|186239|181183|Module|WS-C6K-VTT 1|VTT FRU 1|181183_10.114.8.3|Module|cevCat6kWsc6kvtt|Cisco Systems|NWG072302XG|WS-C6K-VTT|Unknown|Unknown|Unknown|0|0|0|\N|1|1899-12-31|2199-12-31
20|172.25.124.232|2|186248|181183|Module|msfc sub-module of 5|WS-SUP720 MSFC3 Daughterboard Rev. 2.6|181183_10.114.8.3|Module|cevCat6kWsSup720|Cisco Systems|SAL1104F9KU|WS-SUP720|Unknown|Unknown|ok|0|0|0|\N|1|1899-12-31|2199-12-31
21|172.25.124.232|2|186249|181183|Module|CPU of Routing Processor 5|CPU of Routing Processor|181183_10.114.8.3|Module|cevCpuCat6kWsSup720RP|Unknown|Unknown|Unknown|Unknown|Unknown|Unknown|0|0|0|\N|1|1899-12-31|2199-12-31
22|172.25.124.232|2|186252|181183|Module|CLK-7600 1|OSR-7600 Clock FRU 1|181183_10.114.8.3|Module|cevClk7600|Cisco Systems|NWG0703054A|CLK-7600|Unknown|Unknown|Unknown|0|0|0|\N|1|1899-12-31|2199-12-31
23|172.25.124.232|2|186254|181183|Module|CLK-7600 2|OSR-7600 Clock FRU 2|181183_10.114.8.3|Module|cevClk7600|Cisco Systems|NWG0703054A|CLK-7600|Unknown|Unknown|Unknown|0|0|0|\N|1|1899-12-31|2199-12-31
24|172.25.124.232|2|186259|181183|Module|module 2|WS-SVC-MWAM-1 3 ports MWAM Module Rev. 3.0|181183_10.114.8.3|Module|cevCat6kMWAMBlade|Cisco Systems|SAD081000GR|WS-SVC-MWAM-1|Unknown|Unknown|ok|0|3|0|\N|1|1899-12-31|2199-12-31
25|172.25.124.232|2|186260|181183|Module|sub-module of 4|WS-F6k-PWR Inline Power Module Rev. 2.0|181183_10.114.8.3|Module|cevCat6kWsf6kVpwr|Unknown|Unknown|Unknown|Unknown|Unknown|missing|0|0|0|\N|1|1899-12-31|2199-12-31
26|172.25.124.232|2|186261|181183|Module|module 5|WS-SUP720-3B 2 ports Supervisor Engine 720 Rev. 5.3|181183_10.114.8.3|Module|cevCat6kWsSup720Base|Cisco Systems|SAL1104F8H1|WS-SUP720-3B|V03|Unknown|ok|0|2|0|\N|1|1899-12-31|2199-12-31
27|172.25.124.232|2|186262|181183|Module|CPU of Switching Processor 5|CPU of Switching Processor|181183_10.114.8.3|Module|cevCpuCat6kWsSup720SP|Unknown|Unknown|Unknown|Unknown|Unknown|Unknown|0|0|0|\N|1|1899-12-31|2199-12-31
28|172.25.124.232|2|186263|181183|Module|module 4|WS-X6148-RJ45V 48-port 10/100 mb RJ45 Rev. 3.0|181183_10.114.8.3|Module|cevCat6kWsx6148Rj45|Cisco Systems|SAL08207P78|WS-X6148-RJ45V|Unknown|Unknown|ok|0|48|0|\N|1|1899-12-31|2199-12-31
29|172.25.124.232|2|186265|181183|Module|module 7|WS-SVC-AON-1-K9 3 ports AON Module Rev. 2.0|181183_10.114.8.3|Module|zeroDotZero|Cisco Systems|SAD10300548|WS-SVC-AON-1-K9|V02|Unknown|other|0|0|0|\N|1|1899-12-31|2199-12-31
30|172.25.124.232|2|186266|181183|Module|module 8|WS-SVC-FWM-1 6 ports Firewall Module Rev. 3.0|181183_10.114.8.3|Module|cevCat6kWsSvcFwm1|Cisco Systems|SAD08330EVK|WS-SVC-FWM-1|Unknown|Unknown|ok|0|6|0|\N|1|1899-12-31|2199-12-31
31|172.25.124.232|3|186277|181181|Module|msfc sub-module of 5|WS-SUP720 MSFC3 Daughterboard Rev. 2.6|181181_10.114.8.1|Module|cevCat6kWsSup720|Cisco Systems|SAL1104F9KU|WS-SUP720|Unknown|Unknown|ok|0|0|0|\N|1|1899-12-31|2199-12-31
32|172.25.124.232|3|186278|181181|Module|CPU of Routing Processor 5|CPU of Routing Processor|181181_10.114.8.1|Module|cevCpuCat6kWsSup720RP|Unknown|Unknown|Unknown|Unknown|Unknown|Unknown|0|0|0|\N|1|1899-12-31|2199-12-31
33|172.25.124.232|3|186281|181181|Module|module 2|WS-SVC-MWAM-1 3 ports MWAM Module Rev. 3.0|181181_10.114.8.1|Module|cevCat6kMWAMBlade|Cisco Systems|SAD081000GR|WS-SVC-MWAM-1|Unknown|Unknown|ok|0|3|0|\N|1|1899-12-31|2199-12-31
34|172.25.124.232|3|186284|181181|Module|module 4|WS-X6148-RJ45V 48-port 10/100 mb RJ45 Rev. 3.0|181181_10.114.8.1|Module|cevCat6kWsx6148Rj45|Cisco Systems|SAL08207P78|WS-X6148-RJ45V|Unknown|Unknown|ok|0|48|0|\N|1|1899-12-31|2199-12-31
35|172.25.124.232|3|186286|181181|Module|sub-module of 4|WS-F6k-PWR Inline Power Module Rev. 2.0|181181_10.114.8.1|Module|cevCat6kWsf6kVpwr|Unknown|Unknown|Unknown|Unknown|Unknown|missing|0|0|0|\N|1|1899-12-31|2199-12-31
36|172.25.124.232|3|186289|181181|Module|module 5|WS-SUP720-3B 2 ports Supervisor Engine 720 Rev. 5.3|181181_10.114.8.1|Module|cevCat6kWsSup720Base|Cisco Systems|SAL1104F8H1|WS-SUP720-3B|V03|Unknown|ok|0|2|0|\N|1|1899-12-31|2199-12-31
37|172.25.124.232|3|186291|181181|Module|switching engine sub-module of 5|WS-F6K-PFC3B Policy Feature Card 3 Rev. 2.3|181181_10.114.8.1|Module|cevCat6kWsf6kpfc3b|Cisco Systems|SAL1104F9TX|WS-F6K-PFC3B|V01|Unknown|ok|0|0|0|\N|1|1899-12-31|2199-12-31
38|172.25.124.232|3|186292|181181|Module|CPU of Switching Processor 5|CPU of Switching Processor|181181_10.114.8.1|Module|cevCpuCat6kWsSup720SP|Unknown|Unknown|Unknown|Unknown|Unknown|Unknown|0|0|0|\N|1|1899-12-31|2199-12-31
39|172.25.124.232|3|186294|181181|Module|module 8|WS-SVC-FWM-1 6 ports Firewall Module Rev. 3.0|181181_10.114.8.1|Module|cevCat6kWsSvcFwm1|Cisco Systems|SAD08330EVK|WS-SVC-FWM-1|Unknown|Unknown|ok|0|6|0|\N|1|1899-12-31|2199-12-31
40|172.25.124.232|3|186296|181181|Module|module 7|WS-SVC-AON-1-K9 3 ports AON Module Rev. 2.0|181181_10.114.8.1|Module|zeroDotZero|Cisco Systems|SAD10300548|WS-SVC-AON-1-K9|V02|Unknown|other|0|0|0|\N|1|1899-12-31|2199-12-31
41|172.25.124.232|3|186303|181181|Module|WS-C6K-VTT 1|VTT FRU 1|181181_10.114.8.1|Module|cevCat6kWsc6kvtt|Cisco Systems|NWG072302XG|WS-C6K-VTT|Unknown|Unknown|Unknown|0|0|0|\N|1|1899-12-31|2199-12-31
42|172.25.124.232|3|186305|181181|Module|WS-C6K-VTT 2|VTT FRU 2|181181_10.114.8.1|Module|cevCat6kWsc6kvtt|Cisco Systems|NWG072302JW|WS-C6K-VTT|Unknown|Unknown|Unknown|0|0|0|\N|1|1899-12-31|2199-12-31
43|172.25.124.232|3|186307|181181|Module|WS-C6K-VTT 3|VTT FRU 3|181181_10.114.8.1|Module|cevCat6kWsc6kvtt|Cisco Systems|NWG072302YF|WS-C6K-VTT|Unknown|Unknown|Unknown|0|0|0|\N|1|1899-12-31|2199-12-31
44|172.25.124.232|3|186309|181181|Module|CLK-7600 1|OSR-7600 Clock FRU 1|181181_10.114.8.1|Module|cevClk7600|Cisco Systems|NWG0703054A|CLK-7600|Unknown|Unknown|Unknown|0|0|0|\N|1|1899-12-31|2199-12-31
45|172.25.124.232|3|186311|181181|Module|CLK-7600 2|OSR-7600 Clock FRU 2|181181_10.114.8.1|Module|cevClk7600|Cisco Systems|NWG0703054A|CLK-7600|Unknown|Unknown|Unknown|0|0|0|\N|1|1899-12-31|2199-12-31
46|172.25.124.232|4|186321|181184|Module|subslot 0/5 transceiver 2|GE SX|181184_10.114.8.5|Module|cevSFP1000BaseSx|CISCO-FINISAR|FNS11100M89|SFP-GE-S|A|Unknown|Unknown|0|0|0|\N|1|1899-12-31|2199-12-31
47|172.25.124.232|4|186325|181184|Module|subslot 0/5 transceiver 3|GE SX|181184_10.114.8.5|Module|cevSFP1000BaseSx|CISCO-AVAGO|AGM1632P1XZ|SFP-GE-S|06|Unknown|Unknown|0|0|0|\N|1|1899-12-31|2199-12-31
48|172.25.124.232|4|186327|181184|Module|subslot 0/5 transceiver 5|GE T|181184_10.114.8.5|Module|cevSFP1000BaseT|CISCO-METHODE|MTC18330KCA|SP7041-E|E|Unknown|Unknown|0|0|0|\N|1|1899-12-31|2199-12-31
49|172.25.124.232|4|186328|181184|Module|subslot 0/5 transceiver 1|GE SX|181184_10.114.8.5|Module|cevSFP1000BaseSx|CISCO-FINISAR|FNS15410S1B|SFP-GE-S|B|Unknown|Unknown|0|0|0|\N|1|1899-12-31|2199-12-31
50|172.25.124.232|4|186330|181184|Module|subslot 0/0 transceiver 0|10GBASE-SR/SW|181184_10.114.8.5|Module|cevXFR10gMMSR|CISCO-OPNEXT|ONT1818000A|XFP-10G-MM-SR|02|Unknown|Unknown|0|0|0|\N|1|1899-12-31|2199-12-31
51|172.25.124.232|4|186335|181184|Module|IM subslot 0/1|1-port Ten Gigabit Ethernet XFP Interface Module|181184_10.114.8.5|Module|cevIM1p10GeXfp|Cisco Systems Inc|FOC1730N3C4|A900-IMA1X|V01|Unknown|ok|0|0|0|\N|1|1899-12-31|2199-12-31
52|172.25.124.232|4|186341|181184|Module|IM subslot 0/5|8-port Gigabit Ethernet Interface Module|181184_10.114.8.5|Module|cevIM8pGeSFP|Cisco Systems Inc|FOC1752N2WE|A900-IMA8S|V01|Unknown|ok|0|0|0|\N|1|1899-12-31|2199-12-31
53|172.25.124.232|4|186346|181184|Module|module R0|ASR 903 Route Switch Processor 1, Base Scale, 55Gbps|181184_10.114.8.5|Module|cevModuleASR903RSP1A|Cisco Systems Inc|FOC1749N14C|A903-RSP1A-55|V01|Unknown|ok|0|0|0|\N|1|1899-12-31|2199-12-31
54|172.25.124.232|4|186349|181184|Module|IM subslot 0/0|1-port Ten Gigabit Ethernet XFP Interface Module|181184_10.114.8.5|Module|cevIM1p10GeXfp|Cisco Systems Inc|FOC1746N1H0|A900-IMA1X|V02|Unknown|ok|0|0|0|\N|1|1899-12-31|2199-12-31
55|172.25.124.232|5|186370|181185|Module|IM subslot 0/0|1-port Ten Gigabit Ethernet XFP Interface Module|181185_10.114.8.6|Module|cevIM1p10GeXfp|Cisco Systems Inc|FOC1746N1H0|A900-IMA1X|V02|Unknown|ok|0|0|0|\N|1|1899-12-31|2199-12-31
56|172.25.124.232|5|186372|181185|Module|subslot 0/0 transceiver 0|10GBASE-SR/SW|181185_10.114.8.6|Module|cevXFR10gMMSR|CISCO-OPNEXT|ONT1818000A|XFP-10G-MM-SR|02|Unknown|Unknown|0|0|0|\N|1|1899-12-31|2199-12-31
57|172.25.124.232|5|186376|181185|Module|module R0|ASR 903 Route Switch Processor 1, Base Scale, 55Gbps|181185_10.114.8.6|Module|cevModuleASR903RSP1A|Cisco Systems Inc|FOC1749N14C|A903-RSP1A-55|V01|Unknown|ok|0|0|0|\N|1|1899-12-31|2199-12-31
58|172.25.124.232|5|186381|181185|Module|subslot 0/5 transceiver 2|GE SX|181185_10.114.8.6|Module|cevSFP1000BaseSx|CISCO-FINISAR|FNS11100M89|SFP-GE-S|A|Unknown|Unknown|0|0|0|\N|1|1899-12-31|2199-12-31
59|172.25.124.232|5|186384|181185|Module|subslot 0/5 transceiver 1|GE SX|181185_10.114.8.6|Module|cevSFP1000BaseSx|CISCO-FINISAR|FNS15410S1B|SFP-GE-S|B|Unknown|Unknown|0|0|0|\N|1|1899-12-31|2199-12-31
60|172.25.124.232|5|186386|181185|Module|IM subslot 0/1|1-port Ten Gigabit Ethernet XFP Interface Module|181185_10.114.8.6|Module|cevIM1p10GeXfp|Cisco Systems Inc|FOC1730N3C4|A900-IMA1X|V01|Unknown|ok|0|0|0|\N|1|1899-12-31|2199-12-31
61|172.25.124.232|5|186389|181185|Module|subslot 0/5 transceiver 3|GE SX|181185_10.114.8.6|Module|cevSFP1000BaseSx|CISCO-AVAGO|AGM1632P1XZ|SFP-GE-S|06|Unknown|Unknown|0|0|0|\N|1|1899-12-31|2199-12-31
62|172.25.124.232|5|186391|181185|Module|subslot 0/5 transceiver 5|GE T|181185_10.114.8.6|Module|cevSFP1000BaseT|CISCO-METHODE|MTC18330KCA|SP7041-E|E|Unknown|Unknown|0|0|0|\N|1|1899-12-31|2199-12-31
63|172.25.124.232|5|186407|181185|Module|IM subslot 0/5|8-port Gigabit Ethernet Interface Module|181185_10.114.8.6|Module|cevIM8pGeSFP|Cisco Systems Inc|FOC1752N2WE|A900-IMA8S|V01|Unknown|ok|0|0|0|\N|1|1899-12-31|2199-12-31
64|172.25.124.232|6|186418|181186|Module|A901-6CZ-FT-A Motherboard |A901-6CZ-FT-A Motherboard with Built-in 12GE, 2 10GE, 1FE, 8T1E1 |181186_10.114.8.9|Module|cevChassisASR901AC10G|Cisco|Unknown|A901-6CZ-FT-A|V02|Unknown|Unknown|0|0|0|\N|1|1899-12-31|2199-12-31
65|172.25.124.232|7|186437|181187|Module|A901-6CZ-FT-A Motherboard |A901-6CZ-FT-A Motherboard with Built-in 12GE, 2 10GE, 1FE, 8T1E1 |181187_10.114.8.10|Module|cevChassisASR901AC10G|Cisco|Unknown|A901-6CZ-FT-A|V02|Unknown|Unknown|0|0|0|\N|1|1899-12-31|2199-12-31
66|172.25.124.232|8|186449|181188|Module|ME-3600X-24FS-M - Fixed Module 0|ME-3600X-24FS-M - Fixed Module 0|181188_10.114.8.13|Module|cevModuleME3600X24FS|Unknown|FOC1503X0QZ|ME-3600X-24FS-M|V01|Unknown|Unknown|0|0|0|\N|1|1899-12-31|2199-12-31
67|172.25.124.232|9|186494|181189|Module|ME-3600X-24FS-M - Fixed Module 0|ME-3600X-24FS-M - Fixed Module 0|181189_10.114.8.14|Module|cevModuleME3600X24FS|Unknown|FOC1503X0QZ|ME-3600X-24FS-M|V01|Unknown|Unknown|0|0|0|\N|1|1899-12-31|2199-12-31
68|172.25.124.232|10|186521|181190|Module|ME-3800X-24FS-M - Fixed Module 0|ME-3800X-24FS-M - Fixed Module 0|181190_10.114.8.17|Module|cevModuleME3800X24FS|Unknown|FOC1501X5JL|ME-3800X-24FS-M|V01|Unknown|Unknown|0|0|0|\N|1|1899-12-31|2199-12-31
69|172.25.124.232|11|186559|181191|Module|ME-3800X-24FS-M - Fixed Module 0|ME-3800X-24FS-M - Fixed Module 0|181191_10.114.8.18|Module|cevModuleME3800X24FS|Unknown|FOC1501X5JL|ME-3800X-24FS-M|V01|Unknown|Unknown|0|0|0|\N|1|1899-12-31|2199-12-31
70|172.25.124.232|12|186604|181193|Module|Switch 1 FRU Uplink Module 1|2x1G 2x10G Uplink Module|181193_172.25.124.196|Module|cevC3KxNm10g|Unknown|FOC185143SC|C3850-NM-2-10G|V01|Unknown|Unknown|0|0|0|\N|1|1899-12-31|2199-12-31
71|172.25.124.232|12|186609|181193|Module|Switch 1 Fixed Module 0|Switch 1 - WS-C3850-48P - Fixed Module 0|181193_172.25.124.196|Module|cevModuleCat385048P|Unknown|Unknown|Unknown|Unknown|Unknown|Unknown|0|0|0|\N|1|1899-12-31|2199-12-31
72|172.25.124.232|13|186626|181195|Module|Cisco Services Performance Engine 250 for Cisco 3900 ISR on Slot 0|Cisco Services Performance Engine 250 for Cisco 3900 ISR|181195_172.25.124.162|Module|cevCpu3900SPE2504ge|Cisco|FOC15223KE8|C3900-SPE250/K9|V02|Unknown|ok|0|0|0|\N|1|1899-12-31|2199-12-31
73|172.25.124.232|13|186631|181195|Module|PVDM3 DSP DIMM with 64 Channels on Slot 0 SubSlot 3|PVDM3 DSP DIMM with 64 Channels|181195_172.25.124.162|Module|cevModulePVDM3c64|Cisco|FOC15211ZCJ|PVDM3-64|V01|Unknown|ok|0|0|0|\N|1|1899-12-31|2199-12-31
74|172.25.124.232|17|186633|181194|Module|module mau TenGigE0/2/CPU0/1|Multirate 10GBASE-SR, SMF|181194_172.23.222.223|Module|cevXFPmmsr|Unknown|SPC171909QD|XFP-10G-MM-SR|V02|Unknown|enabled|0|0|0|\N|1|1899-12-31|2199-12-31
75|172.25.124.232|17|186635|181194|Module|module mau 1/1/0/12|1000BASE-SX SFP (DOM), MMF, 550/220m|181194_172.23.222.223|Module|cevSFP1000BaseSx|Unknown|FNS16401CSE|SFP-GE-S|V01|Unknown|enabled|0|0|0|\N|1|1899-12-31|2199-12-31
76|172.25.124.232|17|186638|181194|Module|module mau ControlEthernet0/RSP0/CPU0/S0/12|1000BASE-SX SFP (DOM), MMF, 550/220m|181194_172.23.222.223|Module|cevSFP1000BaseSx|Unknown|FNS15410SAY|SFP-GE-S|V01|Unknown|enabled|0|0|0|\N|1|1899-12-31|2199-12-31
77|172.25.124.232|17|186640|181194|Module|module 0/1/1|ASR 9000 4-port 10GE Modular Port Adapter|181194_172.23.222.223|Module|cevMpa4X10GE|Cisco Systems Inc.|FOC160683V9|A9K-MPA-4X10GE|V01|Unknown|enabled|0|0|0|\N|1|1899-12-31|2199-12-31
78|172.25.124.232|17|186641|181194|Module|module mau 1/1/0/19|Unknown|181194_172.23.222.223|Module|cevXFPUnknown|Unknown|FNS0922M013|Unknown|Unknown|Unknown|enabled|0|0|0|\N|1|1899-12-31|2199-12-31
79|172.25.124.232|17|186642|181194|Module|daughtercard 0/2/CPU0| 4 Port Ten Gigabit Ethernet Daughter board |181194_172.23.222.223|Module|cevModuleASR9KLCDb|Unknown|FOC13158037|A9K-4T-B|V01|Unknown|unknown|0|0|0|\N|1|1899-12-31|2199-12-31
80|172.25.124.232|17|186645|181194|Module|module 0/1/CPU0|80G Modular Linecard, Packet Transport Optimized|181194_172.23.222.223|Module|cevModuleA9KMOD80TR|Cisco Systems Inc.|FOC160381KQ|A9K-MOD80-TR|V01|Unknown|enabled|0|0|0|\N|1|1899-12-31|2199-12-31
81|172.25.124.232|17|186648|181194|Module|daughtercard 0/1/CPU0| Modular Linecard Daughter board |181194_172.23.222.223|Module|cevModuleASR9KLCDb|Unknown|FOC160381KQ|A9K-MOD80-TR|V01|Unknown|unknown|0|0|0|\N|1|1899-12-31|2199-12-31
82|172.25.124.232|17|186649|181194|Module|module 0/1/CPU0|Line Card host |181194_172.23.222.223|Module|cevModuleASR9KHost|Unknown|Unknown|Unknown|N/A|Unknown|unknown|0|0|0|\N|1|1899-12-31|2199-12-31
83|172.25.124.232|17|186651|181194|Module|module mau 1/1/1/2|Multirate 10GBASE-SR, SMF|181194_172.23.222.223|Module|cevXFPmmsr|Unknown|FNS13350058|XFP-10G-MM-SR|V01|Unknown|enabled|0|0|0|\N|1|1899-12-31|2199-12-31
84|172.25.124.232|17|186652|181194|Module|module 0/2/CPU0|Line Card host |181194_172.23.222.223|Module|cevModuleASR9KHost|Unknown|Unknown|Unknown|N/A|Unknown|unknown|0|0|0|\N|1|1899-12-31|2199-12-31
85|172.25.124.232|17|186655|181194|Module|module mau TenGigE0/2/CPU0/0|Multirate 10GBASE-SR, SMF|181194_172.23.222.223|Module|cevXFPmmsr|Unknown|FNS132500PF|XFP-10G-MM-SR|V01|Unknown|enabled|0|0|0|\N|1|1899-12-31|2199-12-31
86|172.25.124.232|17|186657|181194|Module|module 1/RSP0/CPU0|ASR9K Route Switch Processor with 440G/slot Fabric and 6GB|181194_172.23.222.223|Module|cevModuleA9KRsp440Tr|Cisco Systems Inc.|FOC16058D0Q|A9K-RSP440-TR|V01|Unknown|enabled|0|0|0|\N|1|1899-12-31|2199-12-31
87|172.25.124.232|17|186659|181194|Module|module 1/RSP0/CPU0|RSP Card host |181194_172.23.222.223|Module|cevModuleASR9KHost|Unknown|Unknown|Unknown|Unknown|Unknown|unknown|0|0|0|\N|1|1899-12-31|2199-12-31
88|172.25.124.232|17|186661|181194|Module|module mau 1/1/0/9|GE T|181194_172.23.222.223|Module|cevXFPUnknown|Unknown|MTC163400CG|Unknown|Unknown|Unknown|enabled|0|0|0|\N|1|1899-12-31|2199-12-31
89|172.25.124.232|17|186663|181194|Module|module mau 1/1/0/1|1000BASE-SX SFP (DOM), MMF, 550/220m|181194_172.23.222.223|Module|cevSFP1000BaseSx|Unknown|AGM1539P13X|SFP-GE-S|V01|Unknown|enabled|0|0|0|\N|1|1899-12-31|2199-12-31
90|172.25.124.232|17|186664|181194|Module|module mau 1/1/1/3|Multirate 10GBASE-SR, SMF|181194_172.23.222.223|Module|cevXFPmmsr|Unknown|ONT1302109E|XFP-10G-MM-SR|V01|Unknown|enabled|0|0|0|\N|1|1899-12-31|2199-12-31
91|172.25.124.232|17|186669|181194|Module|module 1/1/CPU0|80G Modular Linecard, Packet Transport Optimized|181194_172.23.222.223|Module|cevModuleA9KMOD80TR|Cisco Systems Inc.|FOC160381FA|A9K-MOD80-TR|V01|Unknown|enabled|0|0|0|\N|1|1899-12-31|2199-12-31
92|172.25.124.232|17|186671|181194|Module|module 1/1/1|ASR 9000 4-port 10GE Modular Port Adapter|181194_172.23.222.223|Module|cevMpa4X10GE|Cisco Systems Inc.|FOC160683QW|A9K-MPA-4X10GE|V01|Unknown|enabled|0|0|0|\N|1|1899-12-31|2199-12-31
93|172.25.124.232|17|186674|181194|Module|module 1/1/0|ASR 9000 20-port 1GE Modular Port Adapter|181194_172.23.222.223|Module|cevMpa20X1GE|Cisco Systems Inc.|FOC160381L7|A9K-MPA-20X1GE|V01|Unknown|enabled|0|0|0|\N|1|1899-12-31|2199-12-31
94|172.25.124.232|17|186675|181194|Module|daughtercard 1/1/CPU0| Modular Linecard Daughter board |181194_172.23.222.223|Module|cevModuleASR9KLCDb|Unknown|FOC160381FA|A9K-MOD80-TR|V01|Unknown|unknown|0|0|0|\N|1|1899-12-31|2199-12-31
95|172.25.124.232|17|186676|181194|Module|module 1/1/CPU0|Line Card host |181194_172.23.222.223|Module|cevModuleASR9KHost|Unknown|Unknown|Unknown|N/A|Unknown|unknown|0|0|0|\N|1|1899-12-31|2199-12-31
96|172.25.124.232|17|186678|181194|Module|module mau 0/1/1/2|Multirate 10GBASE-SR, SMF|181194_172.23.222.223|Module|cevXFPmmsr|Unknown|FNS14261Z1L|XFP-10G-MM-SR|V01|Unknown|enabled|0|0|0|\N|1|1899-12-31|2199-12-31
97|172.25.124.232|17|186681|181194|Module|module mau 1/1/0/0|1000BASE-SX SFP (DOM), MMF, 550/220m|181194_172.23.222.223|Module|cevSFP1000BaseSx|Unknown|FNS11030NTU|SFP-GE-S|V01|Unknown|enabled|0|0|0|\N|1|1899-12-31|2199-12-31
98|172.25.124.232|17|186683|181194|Module|module mau 1/1/1/1|Multirate 10GBASE-SR, SMF|181194_172.23.222.223|Module|cevXFPmmsr|Unknown|ONT18180036|XFP-10G-MM-SR|V02|Unknown|enabled|0|0|0|\N|1|1899-12-31|2199-12-31
99|172.25.124.232|17|186684|181194|Module|module mau 1/1/0/11|GE T|181194_172.23.222.223|Module|cevXFPUnknown|Unknown|MTC18330JRA|Unknown|Unknown|Unknown|enabled|0|0|0|\N|1|1899-12-31|2199-12-31
100|172.25.124.232|17|186687|181194|Module|module 0/RSP0/CPU0|ASR9K Route Switch Processor with 440G/slot Fabric and 6GB|181194_172.23.222.223|Module|cevModuleA9KRsp440Tr|Cisco Systems Inc.|FOC160384F2|A9K-RSP440-TR|V01|Unknown|enabled|0|0|0|\N|1|1899-12-31|2199-12-31
101|172.25.124.232|17|186689|181194|Module|module 0/RSP0/CPU0|RSP Card host |181194_172.23.222.223|Module|cevModuleASR9KHost|Unknown|Unknown|Unknown|Unknown|Unknown|unknown|0|0|0|\N|1|1899-12-31|2199-12-31
102|172.25.124.232|17|186691|181194|Module|module mau 1/1/1/0|Multirate 10GBASE-SR, SMF|181194_172.23.222.223|Module|cevXFPmmsr|Unknown|ONT1818003X|XFP-10G-MM-SR|V02|Unknown|enabled|0|0|0|\N|1|1899-12-31|2199-12-31
103|172.25.124.232|17|186693|181194|Module|module mau 1/1/0/5|GE T|181194_172.23.222.223|Module|cevXFPUnknown|Unknown|MTC163900AA|Unknown|Unknown|Unknown|enabled|0|0|0|\N|1|1899-12-31|2199-12-31
104|172.25.124.232|17|186696|181194|Module|module mau 0/1/1/1|Multirate 10GBASE-SR, SMF|181194_172.23.222.223|Module|cevXFPmmsr|Unknown|SPC162906QY|XFP-10G-MM-SR|V02|Unknown|enabled|0|0|0|\N|1|1899-12-31|2199-12-31
105|172.25.124.232|17|186699|181194|Module|module mau ControlEthernet1/RSP0/CPU0/S0/12|1000BASE-SX SFP (DOM), MMF, 550/220m|181194_172.23.222.223|Module|cevSFP1000BaseSx|Unknown|FNS15410SAF|SFP-GE-S|V01|Unknown|enabled|0|0|0|\N|1|1899-12-31|2199-12-31
106|172.25.124.232|17|186702|181194|Module|module 0/2/CPU0|4-Port, 10GE Line Card, Requires XFPs|181194_172.23.222.223|Module|cevModuleA9K4x10GEB|Cisco Systems Inc.|FOC13158037|A9K-4T-B|V01|Unknown|enabled|0|0|0|\N|1|1899-12-31|2199-12-31
107|172.25.124.232|17|186704|181194|Module|module mau 0/1/1/0|Multirate 10GBASE-SR, SMF|181194_172.23.222.223|Module|cevXFPmmsr|Unknown|FNS132503ND|XFP-10G-MM-SR|V01|Unknown|enabled|0|0|0|\N|1|1899-12-31|2199-12-31
108|172.25.124.232|17|186706|181194|Module|module mau 1/1/0/16|1000BASE-SX SFP (DOM), MMF, 550/220m|181194_172.23.222.223|Module|cevSFP1000BaseSx|Unknown|FNS15410S6P|SFP-GE-S|V01|Unknown|enabled|0|0|0|\N|1|1899-12-31|2199-12-31
109|172.25.124.232|17|186709|181194|Module|module mau 0/1/1/3|Multirate 10GBASE-SR, SMF|181194_172.23.222.223|Module|cevXFPmmsr|Unknown|FNS1335004T|XFP-10G-MM-SR|V01|Unknown|enabled|0|0|0|\N|1|1899-12-31|2199-12-31
110|172.25.124.232|17|186720|181194|Module|module mau 1/1/0/3|1000BASE-SX SFP (DOM), MMF, 550/220m|181194_172.23.222.223|Module|cevSFP1000BaseSx|Unknown|FNS15410SCP|SFP-GE-S|V01|Unknown|enabled|0|0|0|\N|1|1899-12-31|2199-12-31
111|172.25.124.232|18|186724|181192|Module|Transceiver Gi1/2|SFP Transceiver 1000BaseSX Gi1/2|181192_172.25.124.135|Module|cevSFP1000BaseSx|CISCO-FINISAR|FNS1024J3Z5|Unknown|Unknown|Unknown|Unknown|0|0|0|\N|1|1899-12-31|2199-12-31
112|172.25.124.232|18|186725|181192|Module|Transceiver Gi1/3|SFP Transceiver 1000BaseLH Gi1/3|181192_172.25.124.135|Module|cevSFP1000BaseLh|CISCO-OPNEXT|OPC12493596|Unknown|Unknown|Unknown|Unknown|0|0|0|\N|1|1899-12-31|2199-12-31
113|172.25.124.232|18|186727|181192|Module|WS-F6K-DFC4-A Distributed Forwarding Card 4 EARL sub-module of 2|WS-F6K-DFC4-A Distributed Forwarding Card 4 Rev. 1.1|181192_172.25.124.135|Module|cevCat6kWsF6kDfc4a|Cisco Systems, Inc.|SAL160420ZV|WS-F6K-DFC4-A|V02|Unknown|ok|0|0|0|\N|1|1899-12-31|2199-12-31
114|172.25.124.232|18|186730|181192|Module|1|VS-SUP2T-10G 5 ports Supervisor Engine 2T 10GE w/ CTS Rev. 1.2|181192_172.25.124.135|Module|cevCat6kVsSup2t10g|Cisco Systems, Inc.|SAL16052Z2K|VS-SUP2T-10G|V02|Unknown|ok|0|5|0|\N|1|1899-12-31|2199-12-31
115|172.25.124.232|18|186732|181192|Module|msfc sub-module of 1|VS-F6K-MSFC5 CPU Daughterboard Rev. 1.3|181192_172.25.124.135|Module|cevCat6kVsF6kMsfc5|Cisco Systems, Inc.|SAL16042ENR|VS-F6K-MSFC5|Unknown|Unknown|ok|0|0|0|\N|1|1899-12-31|2199-12-31
116|172.25.124.232|18|186733|181192|Module|CPU of Routing Processor 1|CPU of Routing Processor 1|181192_172.25.124.135|Module|cevCpuCat6kVsSup2t10g|Unknown|Unknown|Unknown|Unknown|Unknown|Unknown|0|0|0|\N|1|1899-12-31|2199-12-31
117|172.25.124.232|18|186735|181192|Module|VS-F6K-PFC4 Policy Feature Card 4 EARL sub-module of 1|VS-F6K-PFC4 Policy Feature Card 4 Rev. 1.1|181192_172.25.124.135|Module|cevCat6kVsF6kPfc4|Cisco Systems, Inc.|SAL16052UG3|VS-F6K-PFC4|V02|Unknown|ok|0|0|0|\N|1|1899-12-31|2199-12-31
118|172.25.124.232|18|186737|181192|Module|2|WS-X6848-GE-TX CEF720 48 port 10/100/1000mb Ethernet Rev. 1.0|181192_172.25.124.135|Module|cevCat6kWsx6848Tx|Cisco Systems, Inc.|SAL16031GF0|WS-X6848-GE-TX|V01|Unknown|ok|0|48|0|\N|1|1899-12-31|2199-12-31
119|172.25.124.232|18|186738|181192|Module|CPU of Module 2|CPU of Module 2|181192_172.25.124.135|Module|cevModuleCpuType|Unknown|Unknown|Unknown|Unknown|Unknown|Unknown|0|0|0|\N|1|1899-12-31|2199-12-31
120|172.25.124.232|18|186740|181192|Module|3|WS-X6148A-GE-45AF 48-port 10/100/1000 RJ45 EtherModule Rev. 4.2|181192_172.25.124.135|Module|cevCat6kWsx6148aGeTx|Cisco Systems, Inc.|SAL16031KA1|WS-X6148A-GE-45AF|V09|Unknown|ok|0|48|0|\N|1|1899-12-31|2199-12-31
121|172.25.124.232|18|186742|181192|Module|Inline Power sub-module of 3|WS-F6K-48-AF IEEE Voice Daughter Card Rev. 2.5|181192_172.25.124.135|Module|cevCat6kWsf6kGe48Af|Cisco Systems, Inc.|SAL16041WF8|WS-F6K-48-AF|V04|Unknown|ok|0|0|0|\N|1|1899-12-31|2199-12-31
122|172.25.124.232|18|186746|181192|Module|CLK-7600 1|OSR-7600 Clock FRU 1|181192_172.25.124.135|Module|cevClk7600|Cisco Systems|NWG101700U1|CLK-7600|Unknown|Unknown|Unknown|0|0|0|\N|1|1899-12-31|2199-12-31
123|172.25.124.232|18|186748|181192|Module|CLK-7600 2|OSR-7600 Clock FRU 2|181192_172.25.124.135|Module|cevClk7600|Cisco Systems|NWG101700U1|CLK-7600|Unknown|Unknown|Unknown|0|0|0|\N|1|1899-12-31|2199-12-31
124|172.25.124.232|18|186757|181192|Module|Transceiver Gi1/1|SFP Transceiver 1000BaseSX Gi1/1|181192_172.25.124.135|Module|cevSFP1000BaseSx|CISCO-FINISAR|FNS10381MSK|Unknown|Unknown|Unknown|Unknown|0|0|0|\N|1|1899-12-31|2199-12-31
125|172.25.124.232|19|186761|181196|Module|WS-C6K-VTT 1|VTT FRU 1|181196_10.114.2.1|Module|cevCat6kWsc6kvtt|Cisco Systems|NWG072302XG|WS-C6K-VTT|Unknown|Unknown|Unknown|0|0|0|\N|1|1899-12-31|2199-12-31
126|172.25.124.232|19|186762|181196|Module|WS-C6K-VTT 2|VTT FRU 2|181196_10.114.2.1|Module|cevCat6kWsc6kvtt|Cisco Systems|NWG072302JW|WS-C6K-VTT|Unknown|Unknown|Unknown|0|0|0|\N|1|1899-12-31|2199-12-31
127|172.25.124.232|19|186764|181196|Module|msfc sub-module of 5|WS-SUP720 MSFC3 Daughterboard Rev. 2.6|181196_10.114.2.1|Module|cevCat6kWsSup720|Cisco Systems|SAL1104F9KU|WS-SUP720|Unknown|Unknown|ok|0|0|0|\N|1|1899-12-31|2199-12-31
128|172.25.124.232|19|186765|181196|Module|CPU of Routing Processor 5|CPU of Routing Processor|181196_10.114.2.1|Module|cevCpuCat6kWsSup720RP|Unknown|Unknown|Unknown|Unknown|Unknown|Unknown|0|0|0|\N|1|1899-12-31|2199-12-31
129|172.25.124.232|19|186766|181196|Module|WS-C6K-VTT 3|VTT FRU 3|181196_10.114.2.1|Module|cevCat6kWsc6kvtt|Cisco Systems|NWG072302YF|WS-C6K-VTT|Unknown|Unknown|Unknown|0|0|0|\N|1|1899-12-31|2199-12-31
130|172.25.124.232|19|186767|181196|Module|CLK-7600 1|OSR-7600 Clock FRU 1|181196_10.114.2.1|Module|cevClk7600|Cisco Systems|NWG0703054A|CLK-7600|Unknown|Unknown|Unknown|0|0|0|\N|1|1899-12-31|2199-12-31
131|172.25.124.232|19|186768|181196|Module|CLK-7600 2|OSR-7600 Clock FRU 2|181196_10.114.2.1|Module|cevClk7600|Cisco Systems|NWG0703054A|CLK-7600|Unknown|Unknown|Unknown|0|0|0|\N|1|1899-12-31|2199-12-31
132|172.25.124.232|19|186771|181196|Module|switching engine sub-module of 5|WS-F6K-PFC3B Policy Feature Card 3 Rev. 2.3|181196_10.114.2.1|Module|cevCat6kWsf6kpfc3b|Cisco Systems|SAL1104F9TX|WS-F6K-PFC3B|V01|Unknown|ok|0|0|0|\N|1|1899-12-31|2199-12-31
133|172.25.124.232|19|186774|181196|Module|sub-module of 4|WS-F6k-PWR Inline Power Module Rev. 2.0|181196_10.114.2.1|Module|cevCat6kWsf6kVpwr|Unknown|Unknown|Unknown|Unknown|Unknown|missing|0|0|0|\N|1|1899-12-31|2199-12-31
134|172.25.124.232|19|186779|181196|Module|CPU of Switching Processor 5|CPU of Switching Processor|181196_10.114.2.1|Module|cevCpuCat6kWsSup720SP|Unknown|Unknown|Unknown|Unknown|Unknown|Unknown|0|0|0|\N|1|1899-12-31|2199-12-31
135|172.25.124.232|19|186780|181196|Module|module 4|WS-X6148-RJ45V 48-port 10/100 mb RJ45 Rev. 3.0|181196_10.114.2.1|Module|cevCat6kWsx6148Rj45|Cisco Systems|SAL08207P78|WS-X6148-RJ45V|Unknown|Unknown|ok|0|48|0|\N|1|1899-12-31|2199-12-31
136|172.25.124.232|19|186781|181196|Module|module 5|WS-SUP720-3B 2 ports Supervisor Engine 720 Rev. 5.3|181196_10.114.2.1|Module|cevCat6kWsSup720Base|Cisco Systems|SAL1104F8H1|WS-SUP720-3B|V03|Unknown|ok|0|2|0|\N|1|1899-12-31|2199-12-31
137|172.25.124.232|19|186797|181196|Module|module 2|WS-SVC-MWAM-1 3 ports MWAM Module Rev. 3.0|181196_10.114.2.1|Module|cevCat6kMWAMBlade|Cisco Systems|SAD081000GR|WS-SVC-MWAM-1|Unknown|Unknown|ok|0|3|0|\N|1|1899-12-31|2199-12-31
138|172.25.124.232|19|186803|181196|Module|module 7|WS-SVC-AON-1-K9 3 ports AON Module Rev. 2.0|181196_10.114.2.1|Module|zeroDotZero|Cisco Systems|SAD10300548|WS-SVC-AON-1-K9|V02|Unknown|other|0|0|0|\N|1|1899-12-31|2199-12-31
139|172.25.124.232|19|186805|181196|Module|module 8|WS-SVC-FWM-1 6 ports Firewall Module Rev. 3.0|181196_10.114.2.1|Module|cevCat6kWsSvcFwm1|Cisco Systems|SAD08330EVK|WS-SVC-FWM-1|Unknown|Unknown|ok|0|6|0|\N|1|1899-12-31|2199-12-31
140|172.25.124.232|20|186808|181198|Module|sub-module of 4|WS-F6k-PWR Inline Power Module Rev. 2.0|181198_10.114.2.3|Module|cevCat6kWsf6kVpwr|Unknown|Unknown|Unknown|Unknown|Unknown|missing|0|0|0|\N|1|1899-12-31|2199-12-31
141|172.25.124.232|20|186810|181198|Module|WS-C6K-VTT 1|VTT FRU 1|181198_10.114.2.3|Module|cevCat6kWsc6kvtt|Cisco Systems|NWG072302XG|WS-C6K-VTT|Unknown|Unknown|Unknown|0|0|0|\N|1|1899-12-31|2199-12-31
142|172.25.124.232|20|186812|181198|Module|WS-C6K-VTT 2|VTT FRU 2|181198_10.114.2.3|Module|cevCat6kWsc6kvtt|Cisco Systems|NWG072302JW|WS-C6K-VTT|Unknown|Unknown|Unknown|0|0|0|\N|1|1899-12-31|2199-12-31
143|172.25.124.232|20|186814|181198|Module|WS-C6K-VTT 3|VTT FRU 3|181198_10.114.2.3|Module|cevCat6kWsc6kvtt|Cisco Systems|NWG072302YF|WS-C6K-VTT|Unknown|Unknown|Unknown|0|0|0|\N|1|1899-12-31|2199-12-31
144|172.25.124.232|20|186816|181198|Module|CLK-7600 1|OSR-7600 Clock FRU 1|181198_10.114.2.3|Module|cevClk7600|Cisco Systems|NWG0703054A|CLK-7600|Unknown|Unknown|Unknown|0|0|0|\N|1|1899-12-31|2199-12-31
145|172.25.124.232|20|186818|181198|Module|CLK-7600 2|OSR-7600 Clock FRU 2|181198_10.114.2.3|Module|cevClk7600|Cisco Systems|NWG0703054A|CLK-7600|Unknown|Unknown|Unknown|0|0|0|\N|1|1899-12-31|2199-12-31
146|172.25.124.232|20|186829|181198|Module|module 2|WS-SVC-MWAM-1 3 ports MWAM Module Rev. 3.0|181198_10.114.2.3|Module|cevCat6kMWAMBlade|Cisco Systems|SAD081000GR|WS-SVC-MWAM-1|Unknown|Unknown|ok|0|3|0|\N|1|1899-12-31|2199-12-31
147|172.25.124.232|20|186830|181198|Module|module 8|WS-SVC-FWM-1 6 ports Firewall Module Rev. 3.0|181198_10.114.2.3|Module|cevCat6kWsSvcFwm1|Cisco Systems|SAD08330EVK|WS-SVC-FWM-1|Unknown|Unknown|ok|0|6|0|\N|1|1899-12-31|2199-12-31
148|172.25.124.232|20|186831|181198|Module|module 7|WS-SVC-AON-1-K9 3 ports AON Module Rev. 2.0|181198_10.114.2.3|Module|zeroDotZero|Cisco Systems|SAD10300548|WS-SVC-AON-1-K9|V02|Unknown|other|0|0|0|\N|1|1899-12-31|2199-12-31
149|172.25.124.232|20|186832|181198|Module|module 4|WS-X6148-RJ45V 48-port 10/100 mb RJ45 Rev. 3.0|181198_10.114.2.3|Module|cevCat6kWsx6148Rj45|Cisco Systems|SAL08207P78|WS-X6148-RJ45V|Unknown|Unknown|ok|0|48|0|\N|1|1899-12-31|2199-12-31
150|172.25.124.232|20|186834|181198|Module|msfc sub-module of 5|WS-SUP720 MSFC3 Daughterboard Rev. 2.6|181198_10.114.2.3|Module|cevCat6kWsSup720|Cisco Systems|SAL1104F9KU|WS-SUP720|Unknown|Unknown|ok|0|0|0|\N|1|1899-12-31|2199-12-31
151|172.25.124.232|20|186835|181198|Module|CPU of Routing Processor 5|CPU of Routing Processor|181198_10.114.2.3|Module|cevCpuCat6kWsSup720RP|Unknown|Unknown|Unknown|Unknown|Unknown|Unknown|0|0|0|\N|1|1899-12-31|2199-12-31
152|172.25.124.232|20|186841|181198|Module|module 5|WS-SUP720-3B 2 ports Supervisor Engine 720 Rev. 5.3|181198_10.114.2.3|Module|cevCat6kWsSup720Base|Cisco Systems|SAL1104F8H1|WS-SUP720-3B|V03|Unknown|ok|0|2|0|\N|1|1899-12-31|2199-12-31
153|172.25.124.232|20|186843|181198|Module|switching engine sub-module of 5|WS-F6K-PFC3B Policy Feature Card 3 Rev. 2.3|181198_10.114.2.3|Module|cevCat6kWsf6kpfc3b|Cisco Systems|SAL1104F9TX|WS-F6K-PFC3B|V01|Unknown|ok|0|0|0|\N|1|1899-12-31|2199-12-31
154|172.25.124.232|20|186844|181198|Module|CPU of Switching Processor 5|CPU of Switching Processor|181198_10.114.2.3|Module|cevCpuCat6kWsSup720SP|Unknown|Unknown|Unknown|Unknown|Unknown|Unknown|0|0|0|\N|1|1899-12-31|2199-12-31
155|172.25.124.232|21|186852|181199|Module|msfc sub-module of 5|WS-SUP720 MSFC3 Daughterboard Rev. 2.6|181199_10.114.2.4|Module|cevCat6kWsSup720|Cisco Systems|SAL1104F9KU|WS-SUP720|Unknown|Unknown|ok|0|0|0|\N|1|1899-12-31|2199-12-31
156|172.25.124.232|21|186853|181199|Module|CPU of Routing Processor 5|CPU of Routing Processor|181199_10.114.2.4|Module|cevCpuCat6kWsSup720RP|Unknown|Unknown|Unknown|Unknown|Unknown|Unknown|0|0|0|\N|1|1899-12-31|2199-12-31
157|172.25.124.232|21|186855|181199|Module|switching engine sub-module of 5|WS-F6K-PFC3B Policy Feature Card 3 Rev. 2.3|181199_10.114.2.4|Module|cevCat6kWsf6kpfc3b|Cisco Systems|SAL1104F9TX|WS-F6K-PFC3B|V01|Unknown|ok|0|0|0|\N|1|1899-12-31|2199-12-31
158|172.25.124.232|21|186856|181199|Module|module 4|WS-X6148-RJ45V 48-port 10/100 mb RJ45 Rev. 3.0|181199_10.114.2.4|Module|cevCat6kWsx6148Rj45|Cisco Systems|SAL08207P78|WS-X6148-RJ45V|Unknown|Unknown|ok|0|48|0|\N|1|1899-12-31|2199-12-31
159|172.25.124.232|21|186858|181199|Module|sub-module of 4|WS-F6k-PWR Inline Power Module Rev. 2.0|181199_10.114.2.4|Module|cevCat6kWsf6kVpwr|Unknown|Unknown|Unknown|Unknown|Unknown|missing|0|0|0|\N|1|1899-12-31|2199-12-31
160|172.25.124.232|21|186860|181199|Module|module 5|WS-SUP720-3B 2 ports Supervisor Engine 720 Rev. 5.3|181199_10.114.2.4|Module|cevCat6kWsSup720Base|Cisco Systems|SAL1104F8H1|WS-SUP720-3B|V03|Unknown|ok|0|2|0|\N|1|1899-12-31|2199-12-31
161|172.25.124.232|21|186861|181199|Module|CPU of Switching Processor 5|CPU of Switching Processor|181199_10.114.2.4|Module|cevCpuCat6kWsSup720SP|Unknown|Unknown|Unknown|Unknown|Unknown|Unknown|0|0|0|\N|1|1899-12-31|2199-12-31
162|172.25.124.232|21|186868|181199|Module|WS-C6K-VTT 1|VTT FRU 1|181199_10.114.2.4|Module|cevCat6kWsc6kvtt|Cisco Systems|NWG072302XG|WS-C6K-VTT|Unknown|Unknown|Unknown|0|0|0|\N|1|1899-12-31|2199-12-31
163|172.25.124.232|21|186870|181199|Module|WS-C6K-VTT 2|VTT FRU 2|181199_10.114.2.4|Module|cevCat6kWsc6kvtt|Cisco Systems|NWG072302JW|WS-C6K-VTT|Unknown|Unknown|Unknown|0|0|0|\N|1|1899-12-31|2199-12-31
164|172.25.124.232|21|186872|181199|Module|WS-C6K-VTT 3|VTT FRU 3|181199_10.114.2.4|Module|cevCat6kWsc6kvtt|Cisco Systems|NWG072302YF|WS-C6K-VTT|Unknown|Unknown|Unknown|0|0|0|\N|1|1899-12-31|2199-12-31
165|172.25.124.232|21|186874|181199|Module|CLK-7600 1|OSR-7600 Clock FRU 1|181199_10.114.2.4|Module|cevClk7600|Cisco Systems|NWG0703054A|CLK-7600|Unknown|Unknown|Unknown|0|0|0|\N|1|1899-12-31|2199-12-31
166|172.25.124.232|21|186876|181199|Module|CLK-7600 2|OSR-7600 Clock FRU 2|181199_10.114.2.4|Module|cevClk7600|Cisco Systems|NWG0703054A|CLK-7600|Unknown|Unknown|Unknown|0|0|0|\N|1|1899-12-31|2199-12-31
167|172.25.124.232|21|186884|181199|Module|module 2|WS-SVC-MWAM-1 3 ports MWAM Module Rev. 3.0|181199_10.114.2.4|Module|cevCat6kMWAMBlade|Cisco Systems|SAD081000GR|WS-SVC-MWAM-1|Unknown|Unknown|ok|0|3|0|\N|1|1899-12-31|2199-12-31
168|172.25.124.232|21|186885|181199|Module|module 8|WS-SVC-FWM-1 6 ports Firewall Module Rev. 3.0|181199_10.114.2.4|Module|cevCat6kWsSvcFwm1|Cisco Systems|SAD08330EVK|WS-SVC-FWM-1|Unknown|Unknown|ok|0|6|0|\N|1|1899-12-31|2199-12-31
169|172.25.124.232|21|186894|181199|Module|module 7|WS-SVC-AON-1-K9 3 ports AON Module Rev. 2.0|181199_10.114.2.4|Module|zeroDotZero|Cisco Systems|SAD10300548|WS-SVC-AON-1-K9|V02|Unknown|other|0|0|0|\N|1|1899-12-31|2199-12-31
170|172.25.124.232|22|186900|181200|Module|CLK-7600 1|OSR-7600 Clock FRU 1|181200_10.114.2.5|Module|cevClk7600|Cisco Systems|NWG0703054A|CLK-7600|Unknown|Unknown|Unknown|0|0|0|\N|1|1899-12-31|2199-12-31
171|172.25.124.232|22|186902|181200|Module|CLK-7600 2|OSR-7600 Clock FRU 2|181200_10.114.2.5|Module|cevClk7600|Cisco Systems|NWG0703054A|CLK-7600|Unknown|Unknown|Unknown|0|0|0|\N|1|1899-12-31|2199-12-31
172|172.25.124.232|22|186904|181200|Module|WS-C6K-VTT 1|VTT FRU 1|181200_10.114.2.5|Module|cevCat6kWsc6kvtt|Cisco Systems|NWG072302XG|WS-C6K-VTT|Unknown|Unknown|Unknown|0|0|0|\N|1|1899-12-31|2199-12-31
173|172.25.124.232|22|186906|181200|Module|WS-C6K-VTT 2|VTT FRU 2|181200_10.114.2.5|Module|cevCat6kWsc6kvtt|Cisco Systems|NWG072302JW|WS-C6K-VTT|Unknown|Unknown|Unknown|0|0|0|\N|1|1899-12-31|2199-12-31
174|172.25.124.232|22|186908|181200|Module|WS-C6K-VTT 3|VTT FRU 3|181200_10.114.2.5|Module|cevCat6kWsc6kvtt|Cisco Systems|NWG072302YF|WS-C6K-VTT|Unknown|Unknown|Unknown|0|0|0|\N|1|1899-12-31|2199-12-31
175|172.25.124.232|22|186917|181200|Module|sub-module of 4|WS-F6k-PWR Inline Power Module Rev. 2.0|181200_10.114.2.5|Module|cevCat6kWsf6kVpwr|Unknown|Unknown|Unknown|Unknown|Unknown|missing|0|0|0|\N|1|1899-12-31|2199-12-31
176|172.25.124.232|22|186918|181200|Module|module 4|WS-X6148-RJ45V 48-port 10/100 mb RJ45 Rev. 3.0|181200_10.114.2.5|Module|cevCat6kWsx6148Rj45|Cisco Systems|SAL08207P78|WS-X6148-RJ45V|Unknown|Unknown|ok|0|48|0|\N|1|1899-12-31|2199-12-31
177|172.25.124.232|22|186920|181200|Module|module 7|WS-SVC-AON-1-K9 3 ports AON Module Rev. 2.0|181200_10.114.2.5|Module|zeroDotZero|Cisco Systems|SAD10300548|WS-SVC-AON-1-K9|V02|Unknown|other|0|0|0|\N|1|1899-12-31|2199-12-31
178|172.25.124.232|22|186921|181200|Module|module 2|WS-SVC-MWAM-1 3 ports MWAM Module Rev. 3.0|181200_10.114.2.5|Module|cevCat6kMWAMBlade|Cisco Systems|SAD081000GR|WS-SVC-MWAM-1|Unknown|Unknown|ok|0|3|0|\N|1|1899-12-31|2199-12-31
179|172.25.124.232|22|186922|181200|Module|CPU of Switching Processor 5|CPU of Switching Processor|181200_10.114.2.5|Module|cevCpuCat6kWsSup720SP|Unknown|Unknown|Unknown|Unknown|Unknown|Unknown|0|0|0|\N|1|1899-12-31|2199-12-31
180|172.25.124.232|22|186923|181200|Module|module 5|WS-SUP720-3B 2 ports Supervisor Engine 720 Rev. 5.3|181200_10.114.2.5|Module|cevCat6kWsSup720Base|Cisco Systems|SAL1104F8H1|WS-SUP720-3B|V03|Unknown|ok|0|2|0|\N|1|1899-12-31|2199-12-31
181|172.25.124.232|22|186925|181200|Module|msfc sub-module of 5|WS-SUP720 MSFC3 Daughterboard Rev. 2.6|181200_10.114.2.5|Module|cevCat6kWsSup720|Cisco Systems|SAL1104F9KU|WS-SUP720|Unknown|Unknown|ok|0|0|0|\N|1|1899-12-31|2199-12-31
182|172.25.124.232|22|186926|181200|Module|CPU of Routing Processor 5|CPU of Routing Processor|181200_10.114.2.5|Module|cevCpuCat6kWsSup720RP|Unknown|Unknown|Unknown|Unknown|Unknown|Unknown|0|0|0|\N|1|1899-12-31|2199-12-31
183|172.25.124.232|22|186928|181200|Module|switching engine sub-module of 5|WS-F6K-PFC3B Policy Feature Card 3 Rev. 2.3|181200_10.114.2.5|Module|cevCat6kWsf6kpfc3b|Cisco Systems|SAL1104F9TX|WS-F6K-PFC3B|V01|Unknown|ok|0|0|0|\N|1|1899-12-31|2199-12-31
184|172.25.124.232|22|186938|181200|Module|module 8|WS-SVC-FWM-1 6 ports Firewall Module Rev. 3.0|181200_10.114.2.5|Module|cevCat6kWsSvcFwm1|Cisco Systems|SAD08330EVK|WS-SVC-FWM-1|Unknown|Unknown|ok|0|6|0|\N|1|1899-12-31|2199-12-31
185|172.25.124.232|23|186942|181197|Module|sub-module of 4|WS-F6k-PWR Inline Power Module Rev. 2.0|181197_10.114.2.2|Module|cevCat6kWsf6kVpwr|Unknown|Unknown|Unknown|Unknown|Unknown|missing|0|0|0|\N|1|1899-12-31|2199-12-31
186|172.25.124.232|23|186953|181197|Module|WS-C6K-VTT 1|VTT FRU 1|181197_10.114.2.2|Module|cevCat6kWsc6kvtt|Cisco Systems|NWG072302XG|WS-C6K-VTT|Unknown|Unknown|Unknown|0|0|0|\N|1|1899-12-31|2199-12-31
187|172.25.124.232|23|186955|181197|Module|WS-C6K-VTT 2|VTT FRU 2|181197_10.114.2.2|Module|cevCat6kWsc6kvtt|Cisco Systems|NWG072302JW|WS-C6K-VTT|Unknown|Unknown|Unknown|0|0|0|\N|1|1899-12-31|2199-12-31
188|172.25.124.232|23|186957|181197|Module|WS-C6K-VTT 3|VTT FRU 3|181197_10.114.2.2|Module|cevCat6kWsc6kvtt|Cisco Systems|NWG072302YF|WS-C6K-VTT|Unknown|Unknown|Unknown|0|0|0|\N|1|1899-12-31|2199-12-31
189|172.25.124.232|23|186959|181197|Module|CLK-7600 1|OSR-7600 Clock FRU 1|181197_10.114.2.2|Module|cevClk7600|Cisco Systems|NWG0703054A|CLK-7600|Unknown|Unknown|Unknown|0|0|0|\N|1|1899-12-31|2199-12-31
190|172.25.124.232|23|186961|181197|Module|CLK-7600 2|OSR-7600 Clock FRU 2|181197_10.114.2.2|Module|cevClk7600|Cisco Systems|NWG0703054A|CLK-7600|Unknown|Unknown|Unknown|0|0|0|\N|1|1899-12-31|2199-12-31
191|172.25.124.232|23|186967|181197|Module|module 2|WS-SVC-MWAM-1 3 ports MWAM Module Rev. 3.0|181197_10.114.2.2|Module|cevCat6kMWAMBlade|Cisco Systems|SAD081000GR|WS-SVC-MWAM-1|Unknown|Unknown|ok|0|3|0|\N|1|1899-12-31|2199-12-31
192|172.25.124.232|23|186970|181197|Module|module 4|WS-X6148-RJ45V 48-port 10/100 mb RJ45 Rev. 3.0|181197_10.114.2.2|Module|cevCat6kWsx6148Rj45|Cisco Systems|SAL08207P78|WS-X6148-RJ45V|Unknown|Unknown|ok|0|48|0|\N|1|1899-12-31|2199-12-31
193|172.25.124.232|23|186972|181197|Module|module 5|WS-SUP720-3B 2 ports Supervisor Engine 720 Rev. 5.3|181197_10.114.2.2|Module|cevCat6kWsSup720Base|Cisco Systems|SAL1104F8H1|WS-SUP720-3B|V03|Unknown|ok|0|2|0|\N|1|1899-12-31|2199-12-31
194|172.25.124.232|23|186974|181197|Module|msfc sub-module of 5|WS-SUP720 MSFC3 Daughterboard Rev. 2.6|181197_10.114.2.2|Module|cevCat6kWsSup720|Cisco Systems|SAL1104F9KU|WS-SUP720|Unknown|Unknown|ok|0|0|0|\N|1|1899-12-31|2199-12-31
195|172.25.124.232|23|186975|181197|Module|CPU of Routing Processor 5|CPU of Routing Processor|181197_10.114.2.2|Module|cevCpuCat6kWsSup720RP|Unknown|Unknown|Unknown|Unknown|Unknown|Unknown|0|0|0|\N|1|1899-12-31|2199-12-31
196|172.25.124.232|23|186977|181197|Module|switching engine sub-module of 5|WS-F6K-PFC3B Policy Feature Card 3 Rev. 2.3|181197_10.114.2.2|Module|cevCat6kWsf6kpfc3b|Cisco Systems|SAL1104F9TX|WS-F6K-PFC3B|V01|Unknown|ok|0|0|0|\N|1|1899-12-31|2199-12-31
197|172.25.124.232|23|186978|181197|Module|CPU of Switching Processor 5|CPU of Switching Processor|181197_10.114.2.2|Module|cevCpuCat6kWsSup720SP|Unknown|Unknown|Unknown|Unknown|Unknown|Unknown|0|0|0|\N|1|1899-12-31|2199-12-31
198|172.25.124.232|23|186981|181197|Module|module 7|WS-SVC-AON-1-K9 3 ports AON Module Rev. 2.0|181197_10.114.2.2|Module|zeroDotZero|Cisco Systems|SAD10300548|WS-SVC-AON-1-K9|V02|Unknown|other|0|0|0|\N|1|1899-12-31|2199-12-31
199|172.25.124.232|23|186983|181197|Module|module 8|WS-SVC-FWM-1 6 ports Firewall Module Rev. 3.0|181197_10.114.2.2|Module|cevCat6kWsSvcFwm1|Cisco Systems|SAD08330EVK|WS-SVC-FWM-1|Unknown|Unknown|ok|0|6|0|\N|1|1899-12-31|2199-12-31
